{"_version":"1.0","identification":{"id":"7f0af1f8-18f2-4f2a-8080-e59fc388c4eb","modifiedAt":20180222190058,"title":"CDM bundle","sourceSystemType":"HCP","description":"HCP transport zip 1519326058863","entityType":"Bundle","buildVersion":"1609-A"},"payload":[{"_version":"1.3.0","sap.app":{"_version":"1.3.0","title":"Header and Footer","description":"A page layout that contains a header and a footer section.","tags":{"keywords":[]},"crossNavigation":{"inbounds":{"0":{"semanticObject":"obj","action":"HeaderFooter","deviceTypes":{"desktop":true,"tablet":true,"phone":true}}}},"id":"a8d2e0ac-2e80-4e7f-a736-67c1bd87d00c"},"sap.platform.hcp":{"_version":"1.2.0","appName":"portalsitetemplates","uri":"/basiclayoutsV2/pageTemplates/HeaderFooter"},"sap.ui5":{"_version":"1.2.0","componentName":"cpv2.templates.HeaderFooterV2","dependencies":{"minUI5Version":"1.30.0","libs":{"sap.ui.core":{},"sap.m":{},"sap.ui.layout":{}}},"config":{"fullWidth":true,"hideLightBackground":true}},"sap.cloud.portal":{"enableLazyLoading":true,"applicationType":"page","thumbnail":"preview.png","sections":{"headerfooter.header":{"index":1,"anchor":"Header","widgets":{}},"headerfooter.content":{"index":2,"anchor":"Section","widgets":{},"layoutData":{"layout":"Column","itemsMargin":"","maxContentWidth":"1280","minContentHeight":"600"},"appearance":{"backgroundColor":"#ffffff","backgroundImageSource":"url","backgroundImageFileName":"","useBackgroundImage":false,"backgroundImageURL":"","backgroundImageState":"cropped","backgroundImageAlignment":"center_middle","fixedBackgroundImage":false}},"headerfooter.footer":{"index":3,"anchor":"Footer","widgets":{}}},"nodes":{}},"sap.flp":{"_version":"1.1.0","config":{}},"sap.ui":{"_version":"1.3.0","technology":"UI5"}},{"_version":"1.0","identification":{"id":"Everyone","namespace":"","entityType":"role"},"payload":{"groups":[],"catalogs":[{"id":"46298856-f988-4b4c-a2ee-741362aea24e","namespace":""},{"id":"_sap_authenticated_users_catalog","namespace":""}]}},{"_version":"1.3.0","sap.app":{"_version":"1.3.0","title":"Header Only","description":"A page layout that contains only a header section of greater than standard height.This page layout is most suitable for Home pages.","tags":{"keywords":[]},"crossNavigation":{"inbounds":{"0":{"semanticObject":"obj","action":"TallHeader","deviceTypes":{"desktop":true,"tablet":true,"phone":true}}}},"id":"4a21fa10-d665-48b5-9f56-f0511bfc85b3"},"sap.platform.hcp":{"_version":"1.2.0","appName":"portalsitetemplates","uri":"/basiclayoutsV2/pageTemplates/TallHeader"},"sap.ui5":{"_version":"1.2.0","componentName":"cpv2.templates.Header","dependencies":{"minUI5Version":"1.30.0","libs":{"sap.ui.core":{},"sap.m":{},"sap.ui.layout":{}}},"config":{"fullWidth":true,"hideLightBackground":true}},"sap.cloud.portal":{"enableLazyLoading":true,"applicationType":"page","thumbnail":"preview.png","sections":{"tallheader.header":{"index":1,"anchor":"Header","widgets":{},"layoutData":{"layout":"Column","itemsMargin":"","maxContentWidth":"","minContentHeight":"300"},"appearance":{"backgroundColor":"transparent","backgroundImageSource":"url","backgroundImageFileName":"","useBackgroundImage":false,"backgroundImageURL":"","backgroundImageState":"cropped","backgroundImageAlignment":"center_middle","fixedBackgroundImage":false}},"tallheader.content":{"index":2,"anchor":"Section","widgets":{},"layoutData":{"layout":"Column","itemsMargin":"","maxContentWidth":"","minContentHeight":"600"},"appearance":{"backgroundColor":"#ffffff","backgroundImageSource":"url","backgroundImageFileName":"","useBackgroundImage":false,"backgroundImageURL":"","backgroundImageState":"cropped","backgroundImageAlignment":"center_middle","fixedBackgroundImage":false}}},"nodes":{}},"sap.flp":{"_version":"1.1.0","config":{}},"sap.ui":{"_version":"1.3.0","technology":"UI5"}},{"_version":"1.3.0","sap.app":{"_version":"1.3.0","title":"SAP Fiori Launchpad","description":"A page template designed according to the SAP Fiori launchpad layout. This template is provided by SAP.","tags":{"keywords":[]},"crossNavigation":{"inbounds":{"0":{"semanticObject":"Shell","action":"home","deviceTypes":{"desktop":true,"tablet":true,"phone":true}}}},"id":"1fe1e64a-a862-4eb8-887d-10ab457c4920"},"sap.platform.hcp":{"_version":"1.2.0","uri":"/basiclayoutsV2/pageTemplates/FLPPage","appName":"portalsitetemplates"},"sap.ui5":{"_version":"1.2.0","componentName":"sap.ushell.components.flp"},"sap.cloud.portal":{"applicationType":"page","thumbnail":"preview.png"},"sap.flp":{"_version":"1.1.0","config":{"groups":[]}},"sap.ui":{"_version":"1.3.0","technology":"UI5"}},{"_version":"1.1","identification":{"id":"_sap_authenticated_users_catalog","entityType":"catalog","i18n":"i18n/_sap_authenticated_users_catalog.properties","title":"{{title}}"},"payload":{"appDescriptors":[{"id":"f8abb342-7c8b-43c0-bda7-b99c8f58d41e","namespace":""}],"groups":[]}},{"_version":"1.0","identification":{"entityType":"menu","id":"c045473e-9f36-4866-a4fd-4db96328f76c","i18n":"i18n/c045473e-9f36-4866-a4fd-4db96328f76c.properties"},"payload":{"locked":"false","tags":[],"entities":[{"entityType":"PAGE","description":"","target":{"semanticObject":"page1","action":"Display"},"id":"4c57bb0d-1d30-4cd6-ad92-7feff7bfed9d","titleKey":"d7df8cf9-aba4-4ed4-8b6d-4e1c55c0f94b_title","title":"{{d7df8cf9-aba4-4ed4-8b6d-4e1c55c0f94b_title}}"}]}},{"_version":"1.0","identification":{"id":"Anonymous","i18n":"","namespace":"","title":"Guest","description":"","entityType":"role","layer":""},"payload":{"catalogs":[{"id":"_sap_guest_users_catalog","namespace":""}],"groups":[]}},{"_version":"1.3.0","sap.app":{"_version":"1.3.0","title":"Starter Page","description":"A page layout that contains one predefined section ","tags":{"keywords":[]},"crossNavigation":{"inbounds":{"0":{"semanticObject":"obj","action":"BlankPage","deviceTypes":{"desktop":true,"tablet":true,"phone":true}}}},"id":"e60b15e3-ecec-4402-a17d-e64535931a5f"},"sap.platform.hcp":{"_version":"1.2.0","appName":"portalsitetemplates","uri":"/basiclayoutsV2/pageTemplates/BlankPage"},"sap.ui5":{"_version":"1.2.0","componentName":"cpv2.templates.Blank","dependencies":{"minUI5Version":"1.30.0","libs":{"sap.m":{}}},"config":{"fullWidth":true,"hideLightBackground":true}},"sap.cloud.portal":{"enableLazyLoading":true,"applicationType":"page","thumbnail":"preview.png","sections":{"blankpage.content":{"index":1,"anchor":"Section","widgets":{},"layoutData":{"layout":"Column","itemsMargin":"","maxContentWidth":"","minContentHeight":"600"},"appearance":{"backgroundColor":"#ffffff","backgroundImageSource":"url","backgroundImageFileName":"","useBackgroundImage":false,"backgroundImageURL":"","backgroundImageState":"cropped","backgroundImageAlignment":"center_middle","fixedBackgroundImage":false}}},"nodes":{}},"sap.flp":{"_version":"1.1.0","config":{}},"sap.ui":{"_version":"1.3.0","technology":"UI5"}},{"_version":"1.1","identification":{"title":"Everyone","description":"","entityType":"catalog","i18n":"i18n/46298856-f988-4b4c-a2ee-741362aea24e.properties","id":"46298856-f988-4b4c-a2ee-741362aea24e"},"payload":{"appDescriptors":[{"id":"f8abb342-7c8b-43c0-bda7-b99c8f58d41e","namespace":""},{"id":"8afed26a-3b21-4fe2-a1c6-ef4e76d6b270","namespace":""},{"id":"1dc79d14-772d-4baa-8a80-2c83a2a52fdb","namespace":""},{"id":"f07bf0f3-f6eb-4038-a190-3d9d0a715b94","namespace":""}],"groups":[]}},{"_version":"1.1","identification":{"id":"_sap_guest_users_catalog","entityType":"catalog","i18n":"i18n/_sap_guest_users_catalog.properties","title":"{{title}}"},"payload":{"appDescriptors":[{"id":"f8abb342-7c8b-43c0-bda7-b99c8f58d41e","namespace":""}],"groups":[]}},{"_version":"1.0","identification":{"namespace":"","layer":"vendor","description":"","entityType":"site","i18n":"","id":"7f0af1f8-18f2-4f2a-8080-e59fc388c4eb","title":"freeStyleAlphabet"},"payload":{"homeApp":{"semanticObject":"Home","action":"show"},"config":{"ushellConfig":{"modulePaths":{"sap.ushell.apps.cpv2MenuPlugin":"/sap.ushell.apps.cpv2MenuPlugin"},"bootstrapPlugins":{"menuplugin":{"component":"sap.ushell.apps.cpv2MenuPlugin"}}}},"sap.cloud.portal":{"config":{"icon":"portalsitetemplates/basiclayoutsV2/thumbnail.png","solution":"freestyle","fioriVersion":"FIORI2","theme.id":"sap_belize","theme.active":"[\"sap_belize\", \"sap_belize_plus\", \"sap_hcb\"]","templateTitle":"Basic Layouts","pathInTemplate":"basiclayoutsV2","menuAvailableDesktop":true,"menuAvailableMobile":true,"isOnline":"true","cacheClearedOn":1519325978919},"availablePageTemplates":[{"namespace":"","id":"hcp://portalsitetemplates/basiclayoutsV2/pageTemplates/HeaderFooter/manifest.json"},{"namespace":"","id":"hcp://portalsitetemplates/basiclayoutsV2/pageTemplates/TallHeader/manifest.json"},{"namespace":"","id":"hcp://portalsitetemplates/basiclayoutsV2/pageTemplates/FLPPage/manifest.json"},{"namespace":"","id":"hcp://portalsitetemplates/basiclayoutsV2/pageTemplates/BlankPage/manifest.json"},{"namespace":"","id":"hcp://portalsitetemplates/basiclayoutsV2/pageTemplates/AnchorNavigation/manifest.json"}],"_version":"1.2.0","baseTemplate":{"id":"hcp://portalsitetemplates/basiclayoutsV2/site.json","namespace":""}},"groups":[],"catalogs":[{"id":"_sap_authenticated_users_catalog","namespace":""},{"id":"46298856-f988-4b4c-a2ee-741362aea24e","namespace":""},{"id":"_sap_guest_users_catalog","namespace":""}]}},{"_version":"1.3.0","sap.app":{"_version":"1.3.0","title":"Anchor Navigation","description":"A page layout that includes a menu and 12 sections. Each menu item can be anchored to a section.","tags":{"keywords":[]},"crossNavigation":{"inbounds":{"0":{"semanticObject":"obj","action":"AnchorNavigation","deviceTypes":{"desktop":true,"tablet":true,"phone":true}}}},"id":"33a57fe5-8f83-4a2c-b48a-48db647f965b"},"sap.platform.hcp":{"_version":"1.2.0","appName":"portalsitetemplates","uri":"/basiclayoutsV2/pageTemplates/AnchorNavigation"},"sap.ui5":{"_version":"1.2.0","componentName":"cpv2.templates.AnchorNavigationV2","dependencies":{"minUI5Version":"1.30.0","libs":{"sap.ui.core":{},"sap.m":{},"sap.ui.layout":{}}},"config":{"fullWidth":true,"hideLightBackground":true}},"sap.cloud.portal":{"applicationType":"page","enableLazyLoading":false,"thumbnail":"preview.png","sections":{"anchor-navigation.header":{"index":1,"anchor":"Header","widgets":{"anchor-navigation.header-menu":{"index":1,"alias":"anchor-navigation.header-menu","layoutData":{"L":12,"M":12,"S":12}}},"layoutData":{"layout":"Column","itemsMargin":"","maxContentWidth":"","minContentHeight":""},"appearance":{"backgroundImageSource":"url","backgroundImageFileName":"","useBackgroundImage":false,"backgroundImageURL":"","backgroundImageState":"","backgroundImageAlignment":""}},"anchor-navigation.section1":{"index":2,"anchor":"Section 1","widgets":{},"layoutData":{"layout":"Column","itemsMargin":"","maxContentWidth":"1280","minContentHeight":""},"appearance":{"backgroundColor":"#ffffff","backgroundImageSource":"url","backgroundImageFileName":"","useBackgroundImage":false,"backgroundImageURL":"","backgroundImageState":"cropped","backgroundImageAlignment":"center_middle","fixedBackgroundImage":false}},"anchor-navigation.section2":{"index":3,"anchor":"Section 2","widgets":{},"layoutData":{"layout":"Column","itemsMargin":"","maxContentWidth":"1280","minContentHeight":""},"appearance":{"backgroundColor":"#eff4f9","backgroundImageSource":"url","backgroundImageFileName":"","useBackgroundImage":false,"backgroundImageURL":"","backgroundImageState":"cropped","backgroundImageAlignment":"center_middle","fixedBackgroundImage":false}},"anchor-navigation.section3":{"index":4,"anchor":"Section 3","widgets":{},"layoutData":{"layout":"Column","itemsMargin":"","maxContentWidth":"1280","minContentHeight":""},"appearance":{"backgroundImageSource":"url","backgroundImageFileName":"","useBackgroundImage":false,"backgroundImageURL":"","backgroundImageState":"cropped","backgroundImageAlignment":"center_middle","fixedBackgroundImage":false}},"anchor-navigation.section4":{"index":5,"anchor":"Section 4","widgets":{},"layoutData":{"layout":"Column","itemsMargin":"","maxContentWidth":"1280","minContentHeight":""},"appearance":{"backgroundColor":"#ffffff","backgroundImageSource":"url","backgroundImageFileName":"","useBackgroundImage":false,"backgroundImageURL":"","backgroundImageState":"cropped","backgroundImageAlignment":"center_middle","fixedBackgroundImage":false}},"anchor-navigation.section5":{"index":6,"anchor":"Section 5","widgets":{},"layoutData":{"layout":"Column","itemsMargin":"","maxContentWidth":"1280","minContentHeight":""},"appearance":{"backgroundColor":"#eff4f9","backgroundImageSource":"url","backgroundImageFileName":"","useBackgroundImage":false,"backgroundImageURL":"","backgroundImageState":"cropped","backgroundImageAlignment":"center_middle","fixedBackgroundImage":false}},"anchor-navigation.section6":{"index":7,"anchor":"Section 6","widgets":{},"layoutData":{"layout":"Column","itemsMargin":"","maxContentWidth":"1280","minContentHeight":""},"appearance":{"backgroundImageSource":"url","backgroundImageFileName":"","useBackgroundImage":false,"backgroundImageURL":"","backgroundImageState":"cropped","backgroundImageAlignment":"center_middle","fixedBackgroundImage":false}},"anchor-navigation.section7":{"index":8,"anchor":"Section 7","widgets":{},"layoutData":{"layout":"Column","itemsMargin":"","maxContentWidth":"1280","minContentHeight":""},"appearance":{"backgroundColor":"#ffffff","backgroundImageSource":"url","backgroundImageFileName":"","useBackgroundImage":false,"backgroundImageURL":"","backgroundImageState":"cropped","backgroundImageAlignment":"center_middle","fixedBackgroundImage":false}},"anchor-navigation.section8":{"index":9,"anchor":"Section 8","widgets":{},"layoutData":{"layout":"Column","itemsMargin":"","maxContentWidth":"1280","minContentHeight":""},"appearance":{"backgroundColor":"#eff4f9","backgroundImageSource":"url","backgroundImageFileName":"","useBackgroundImage":false,"backgroundImageURL":"","backgroundImageState":"cropped","backgroundImageAlignment":"center_middle","fixedBackgroundImage":false}},"anchor-navigation.section9":{"index":10,"anchor":"Section 9","widgets":{},"layoutData":{"layout":"Column","itemsMargin":"","maxContentWidth":"1280","minContentHeight":""},"appearance":{"backgroundImageSource":"url","backgroundImageFileName":"","useBackgroundImage":false,"backgroundImageURL":"","backgroundImageState":"cropped","backgroundImageAlignment":"center_middle","fixedBackgroundImage":false}},"anchor-navigation.section10":{"index":11,"anchor":"Section 10","widgets":{},"layoutData":{"layout":"Column","itemsMargin":"","maxContentWidth":"1280","minContentHeight":""},"appearance":{"backgroundColor":"#ffffff","backgroundImageSource":"url","backgroundImageFileName":"","useBackgroundImage":false,"backgroundImageURL":"","backgroundImageState":"cropped","backgroundImageAlignment":"center_middle","fixedBackgroundImage":false}},"anchor-navigation.section11":{"index":12,"anchor":"Section 11","widgets":{},"layoutData":{"layout":"Column","itemsMargin":"","maxContentWidth":"1280","minContentHeight":""},"appearance":{"backgroundColor":"#eff4f9","backgroundImageSource":"url","backgroundImageFileName":"","useBackgroundImage":false,"backgroundImageURL":"","backgroundImageState":"cropped","backgroundImageAlignment":"center_middle","fixedBackgroundImage":false}}},"nodes":{"header-menu":{"sectionAlias":"anchor-navigation.header-menu","_version":"1.3.0","sap.app":{"_version":"1.3.0","id":"hcp://portalapptemplates/contentUnitBasicWidget/manifest.json","title":"Standard Menu","description":"An out-of-the-box contentUnit widget"},"sap.platform.hcp":{"_version":"1.2.0","appName":"portalapptemplates","uri":"/contentUnitBasicWidget"},"sap.flp":{"config":{}},"sap.ui":{"_version":"1.3.0","technology":"UI5","icons":{"icon":"sap-icon://arrow-bottom"}},"sap.ui5":{"_version":"1.2.0","componentName":"contentUnitBasicWidget","contentDensities":{"compact":true,"cozy":true}},"sap.cloud.portal":{"settings":{"snippet":"/snippets/repeatable/standardmenu.html","contentUnitId":"64f9898e-dc37-4089-92d8-6ca55d4ac4e6","rendererType":"sticky-menu","rendererDefaultSettings":{"sticky-menu":{"height":"4rem"}}}}}}},"sap.flp":{"_version":"1.1.0","config":{}},"sap.ui":{"_version":"1.3.0","technology":"UI5"}},{"sap.app":{"description":"","crossNavigation":{"context":{},"inbounds":{"0":{"deviceTypes":{"desktop":true,"tablet":true,"phone":true},"action":"Display","semanticObject":"page1"},"1":{"semanticObject":"Home","action":"show"}}},"id":"f8abb342-7c8b-43c0-bda7-b99c8f58d41e","baseId":"a8d2e0ac-2e80-4e7f-a736-67c1bd87d00c","title":"Home Page","_version":"1.3.0","i18n":"i18n/f8abb342-7c8b-43c0-bda7-b99c8f58d41e.properties","tags":{"keywords":[]}},"sap.ui5":{"_version":"1.2.0","componentName":"cpv2.templates.HeaderFooterV2","dependencies":{"minUI5Version":"1.30.0","libs":{"sap.ui.core":{},"sap.m":{},"sap.ui.layout":{}}},"config":{"fullWidth":true,"hideLightBackground":true}},"sap.platform.hcp":{"_version":"1.2.0","appName":"portalsitetemplates","uri":"/basiclayoutsV2/pageTemplates/HeaderFooter"},"sap.ui":{"_version":"1.3.0","technology":"UI5"},"_version":"1.3.0","sap.flp":{"_version":"1.1.0","config":{}},"sap.cloud.portal":{"applicationType":"page","thumbnail":"preview.png","enableLazyLoading":true,"nodes":{"content-f34fd818":{"_version":"1.3.0","sap.app":{"_version":"1.3.0","id":"hcp://portalapptemplates/contentUnitBasicWidget/manifest.json","title":"Medium Header","description":"A widget that displays a title, header, image, text, button and link"},"sap.platform.hcp":{"_version":"1.2.0","appName":"portalapptemplates","uri":"/contentUnitBasicWidget"},"sap.flp":{"config":{}},"sap.ui":{"_version":"1.3.0","technology":"UI5","icons":{"icon":"sap-icon://bo-strategy-management"}},"sap.ui5":{"_version":"1.2.0","componentName":"contentUnitBasicWidget","contentDensities":{"compact":true,"cozy":true}},"sap.cloud.portal":{"settings":{"contentUnitId":"fe323ac4-6142-4a0e-887c-c7f7a879595b","snippet":"/snippets/headerV2.html"}},"local":"true","sectionAlias":"headerfooter.content-f34fd818"},"header-1ad60b70":{"_version":"1.7.0","sap.app":{"id":"hcp://portalheader/manifest.json","type":"application","i18n":"i18n/i18n.properties","applicationVersion":{"version":"1.0.0"},"title":"portalHeaderCountry","description":"{{appDescription}}","sourceTemplate":{"id":"ui5template.basicSAPUI5ApplicationProject","version":"1.40.12"}},"sap.ui":{"technology":"UI5","icons":{"icon":"","favIcon":"","phone":"","phone@2":"","tablet":"","tablet@2":""},"deviceTypes":{"desktop":true,"tablet":true,"phone":true},"supportedThemes":["sap_hcb","sap_belize"]},"sap.ui5":{"rootView":{"viewName":"com.jam.portal.headerportalHeader.view.Header","type":"XML"},"dependencies":{"minUI5Version":"1.30.0","libs":{"sap.ui.core":{},"sap.m":{},"sap.ui.layout":{},"sap.ushell":{},"sap.collaboration":{},"sap.ui.comp":{},"sap.uxap":{}}},"contentDensities":{"compact":true,"cozy":true},"models":{"i18n":{"type":"sap.ui.model.resource.ResourceModel","settings":{"bundleName":"com.jam.portal.headerportalHeader.i18n.i18n"}}},"resources":{"css":[{"uri":"css/style.css"}]},"routing":{"config":{"routerClass":"sap.hana.uis.flp.routing.Router"}},"componentName":"com.jam.portal.headerportalHeader"},"sap.flp":{"appType":"SAP_UI5_Component","config":{"editable":true,"deletable":true}},"sap.platform.hcp":{"uri":"","appName":"portalheader","_version":"1.1.0"},"sap.cloud.portal":{},"local":"true","sectionAlias":"headerfooter.header-1ad60b70"},"header-242cf623":{"_version":"1.3.0","sap.app":{"_version":"1.3.0","id":"hcp://portalapptemplates/loginWidget/manifest.json","type":"application","i18n":"i18n/i18n.properties","applicationVersion":{"version":"1.0.0"},"title":"Login Widget","description":"Generates an SCI login overlay, or redirects to a login screen","sourceTemplate":{"id":"ui5template.basicSAPUI5ApplicationProject","version":"1.32.0"}},"sap.ui":{"_version":"1.3.0","technology":"UI5","icons":{"icon":"","favIcon":"","phone":"","phone@2":"","tablet":"","tablet@2":""},"deviceTypes":{"desktop":true,"tablet":true,"phone":true},"supportedThemes":["sap_hcb","sap_bluecrystal"]},"sap.ui5":{"_version":"1.2.0","rootView":{"viewName":"loginWidget.view.main","type":"XML"},"dependencies":{"minUI5Version":"1.30.0","libs":{"sap.ui.core":{},"sap.m":{},"sap.ui.layout":{}}},"contentDensities":{"compact":true,"cozy":true},"models":{"i18nApp":{"type":"sap.ui.model.resource.ResourceModel","uri":"i18n/i18n.properties"}},"resources":{"css":[{"uri":"css/style.css"}]},"routing":{"config":{"routerClass":"sap.hana.uis.flp.routing.Router"}},"componentName":"loginWidget"},"sap.flp":{"appType":"SAP_UI5_Component","_version":"1.1.0","config":{"editable":true,"deletable":true}},"sap.platform.hcp":{"uri":"/loginWidget","appName":"portalapptemplates","_version":"1.2.0"},"sap.cloud.portal":{"show.portal.settings":"false","settings":{"listHeaderTitle":""}},"local":"true","sectionAlias":"headerfooter.header-242cf623"},"header-955724c7":{"_version":"1.3.0","sap.app":{"_version":"1.3.0","id":"hcp://portalapptemplates/contentUnitBasicWidget/manifest.json","title":"Sample Page","description":"A widget that displays a title, header, image, text, button and link"},"sap.platform.hcp":{"_version":"1.2.0","appName":"portalapptemplates","uri":"/contentUnitBasicWidget"},"sap.flp":{"config":{}},"sap.ui":{"_version":"1.3.0","technology":"UI5","icons":{"icon":"sap-icon://bo-strategy-management"}},"sap.ui5":{"_version":"1.2.0","componentName":"contentUnitBasicWidget","contentDensities":{"compact":true,"cozy":true}},"sap.cloud.portal":{"settings":{"contentUnitId":"3146c6b4-28df-40de-9047-0d9868b3d338","snippet":"/snippets/title.html"}},"local":"true","sectionAlias":"headerfooter.header-955724c7"},"content-5b9a0fd2":{"_version":"1.7.0","sap.app":{"id":"hcp://portalalphasecondsec/manifest.json","type":"application","i18n":"i18n/i18n.properties","applicationVersion":{"version":"1.0.0"},"title":"portalalphasecondsec","description":"{{appDescription}}","sourceTemplate":{"id":"ui5template.basicSAPUI5ApplicationProject","version":"1.40.12"}},"sap.ui":{"technology":"UI5","icons":{"icon":"","favIcon":"","phone":"","phone@2":"","tablet":"","tablet@2":""},"deviceTypes":{"desktop":true,"tablet":true,"phone":true},"supportedThemes":["sap_hcb","sap_belize"]},"sap.ui5":{"rootView":{"viewName":"portalalphasecondsec.view.SecondSection","type":"XML"},"dependencies":{"minUI5Version":"1.30.0","libs":{"sap.ui.core":{},"sap.m":{},"sap.ui.layout":{},"sap.ushell":{},"sap.collaboration":{},"sap.ui.comp":{},"sap.uxap":{}}},"contentDensities":{"compact":true,"cozy":true},"models":{"i18n":{"type":"sap.ui.model.resource.ResourceModel","settings":{"bundleName":"portalalphasecondsec.i18n.i18n"}}},"resources":{"css":[{"uri":"css/style.css"}]},"routing":{"config":{"routerClass":"sap.hana.uis.flp.routing.Router"}},"componentName":"portalalphasecondsec"},"sap.flp":{"appType":"SAP_UI5_Component","config":{"editable":true,"deletable":true}},"sap.platform.hcp":{"uri":"","appName":"portalalphasecondsec","_version":"1.1.0"},"sap.cloud.portal":{},"local":"true","sectionAlias":"headerfooter.content-5b9a0fd2"},"content-ce647ea3":{"_version":"1.3.0","sap.app":{"_version":"1.3.0","id":"hcp://portalapptemplates/contentUnitBasicWidget/manifest.json","title":"Medium Header","description":"A widget that displays a title, header, image, text, button and link"},"sap.platform.hcp":{"_version":"1.2.0","appName":"portalapptemplates","uri":"/contentUnitBasicWidget"},"sap.flp":{"config":{}},"sap.ui":{"_version":"1.3.0","technology":"UI5","icons":{"icon":"sap-icon://bo-strategy-management"}},"sap.ui5":{"_version":"1.2.0","componentName":"contentUnitBasicWidget","contentDensities":{"compact":true,"cozy":true}},"sap.cloud.portal":{"settings":{"contentUnitId":"5ff54144-a9ac-46af-a9b5-90a0f2139563","snippet":"/snippets/headerV2.html"}},"local":"true","sectionAlias":"headerfooter.content-ce647ea3"},"content-79bd0143":{"_version":"1.7.0","sap.app":{"id":"hcp://portalalphafirstsec/manifest.json","type":"application","i18n":"i18n/i18n.properties","applicationVersion":{"version":"1.0.0"},"title":"portalalphafirstsec","description":"{{appDescription}}","sourceTemplate":{"id":"servicecatalog.connectivityComponent","version":"0.0.0"},"dataSources":{"Northwind.svc":{"uri":"/north_wind_service/v2/Northwind/Northwind.svc/","type":"OData","settings":{"odataVersion":"2.0","localUri":"localService/metadata.xml"}}}},"sap.ui":{"technology":"UI5","icons":{"icon":"","favIcon":"","phone":"","phone@2":"","tablet":"","tablet@2":""},"deviceTypes":{"desktop":true,"tablet":true,"phone":true},"supportedThemes":["sap_hcb","sap_belize"]},"sap.ui5":{"rootView":{"viewName":"portalalphafirstsec.view.FirstSection","type":"XML"},"dependencies":{"minUI5Version":"1.30.0","libs":{"sap.ui.core":{},"sap.m":{},"sap.ui.layout":{},"sap.ushell":{},"sap.collaboration":{},"sap.ui.comp":{},"sap.uxap":{}}},"contentDensities":{"compact":true,"cozy":true},"models":{"i18n":{"type":"sap.ui.model.resource.ResourceModel","settings":{"bundleName":"portalalphafirstsec.i18n.i18n"}},"":{"type":"sap.ui.model.odata.v2.ODataModel","settings":{"defaultOperationMode":"Server","defaultBindingMode":"OneTime","defaultCountMode":"Request"},"dataSource":"Northwind.svc","preload":true}},"resources":{"css":[{"uri":"css/style.css"}]},"routing":{"config":{"routerClass":"sap.hana.uis.flp.routing.Router"}},"componentName":"portalalphafirstsec"},"sap.flp":{"appType":"SAP_UI5_Component","config":{"editable":true,"deletable":true}},"sap.platform.hcp":{"uri":"","appName":"portalalphafirstsec","_version":"1.1.0"},"sap.cloud.portal":{},"local":"true","sectionAlias":"headerfooter.content-79bd0143"}},"sections":{"headerfooter.footer":{"index":3,"anchor":"Footer","widgets":{}},"headerfooter.content":{"index":2,"anchor":"Section","widgets":{"headerfooter.content-79bd0143":{"index":2,"alias":"headerfooter.content-79bd0143","layoutData":{"L":4,"M":6,"S":12}},"headerfooter.content-f34fd818":{"index":1,"alias":"headerfooter.content-f34fd818","layoutData":{"L":4,"M":6,"S":12}},"headerfooter.content-ce647ea3":{"index":3,"alias":"headerfooter.content-ce647ea3","layoutData":{"L":4,"M":6,"S":12}},"headerfooter.content-5b9a0fd2":{"index":4,"alias":"headerfooter.content-5b9a0fd2","layoutData":{"L":4,"M":6,"S":12}}},"layoutData":{"layout":"Column","itemsMargin":5,"maxContentWidth":"1280","minContentHeight":"600"},"appearance":{"backgroundColor":"#ffffff","backgroundImageSource":"0","backgroundImageFileName":"","useBackgroundImage":false,"backgroundImageURL":"","backgroundImageState":"1","backgroundImageAlignment":4,"fixedBackgroundImage":false,"backgroundColorOpacity":"100"},"local":"true"},"headerfooter.header":{"index":1,"anchor":"Header","widgets":{"headerfooter.header-955724c7":{"index":1,"alias":"headerfooter.header-955724c7","layoutData":{"L":"8","M":"8","S":"12"}},"headerfooter.header-1ad60b70":{"index":3,"alias":"headerfooter.header-1ad60b70","layoutData":{"L":"12","M":"12","S":12}},"headerfooter.header-242cf623":{"index":2,"alias":"headerfooter.header-242cf623","layoutData":{"L":4,"M":6,"S":12}}},"local":"true","appearance":{"backgroundColor":"transparent","backgroundColorOpacity":"100","backgroundImageSource":"0","useBackgroundImage":false,"backgroundImageState":"0","backgroundImageAlignment":0,"fixedBackgroundImage":false},"layoutData":{"layout":"Custom","itemsMargin":"5","maxContentWidth":"","minContentHeight":0}}}}}]}