{"translationMetadata":[{"locale":"de","localeDisplay":"German","status":false,"updatedAt":1519009863721},{"locale":"no","localeDisplay":"Norwegian","status":false,"updatedAt":1519009863721},{"locale":"ru","localeDisplay":"Russian","status":false,"updatedAt":1519009863721},{"locale":"pt","localeDisplay":"Portuguese","status":false,"updatedAt":1519009863721},{"locale":"en","localeDisplay":"English","status":false,"updatedAt":1519009863721},{"locale":"it","localeDisplay":"Italian","status":false,"updatedAt":1519009863721},{"locale":"fr","localeDisplay":"French","status":false,"updatedAt":1519009863721},{"locale":"hu","localeDisplay":"Hungarian","status":false,"updatedAt":1519009863721},{"locale":"zh-CN","localeDisplay":"Chinese (China)","status":false,"updatedAt":1519009863721},{"locale":"es","localeDisplay":"Spanish","status":false,"updatedAt":1519009863721},{"locale":"he","localeDisplay":"Hebrew","status":false,"updatedAt":1519009863721},{"locale":"cs","localeDisplay":"Czech","status":false,"updatedAt":1519009863721},{"locale":"ar","localeDisplay":"Arabic","status":false,"updatedAt":1519009863721},{"locale":"ja","localeDisplay":"Japanese","status":false,"updatedAt":1519009863721},{"locale":"pl","localeDisplay":"Polish","status":false,"updatedAt":1519009863721},{"locale":"he","localeDisplay":"Hebrew","status":false,"updatedAt":1519009863721},{"locale":"da","localeDisplay":"Danish","status":false,"updatedAt":1519009863721},{"locale":"nl","localeDisplay":"Dutch","status":false,"updatedAt":1519009863722},{"locale":"tr","localeDisplay":"Turkish","status":false,"updatedAt":1519009863722}],"entityType":"translationMetadata","id":"7f0af1f8-18f2-4f2a-8080-e59fc388c4eb_translationMetadata"}