{"payload":[{"identification":{"entityType":"contentunit","id":"5ff54144-a9ac-46af-a9b5-90a0f2139563"},"texts":{"title":{"type":"","value":{"":"Section 2"}}},"payload":{"type":"Basic","icon":"sap-icon://bold-text","componentType":"Content Item","components":[{"title":{"translationKey":"title","isAsset":false}}],"componentDescriptor":[{"title":"Title","type":"SHORT_TEXT","value":"{/title/value}"}]}},{"identification":{"entityType":"contentunit","id":"64f9898e-dc37-4089-92d8-6ca55d4ac4e6"},"texts":{"linkText-1":{"type":"","value":{"":"Menu Item 1"}},"linkTooltip-1":{"type":"","value":{"":""}},"linkText-2":{"type":"","value":{"":"Menu Item 2"}},"linkTooltip-2":{"type":"","value":{"":""}},"linkText-3":{"type":"","value":{"":"Menu Item 3"}},"linkTooltip-3":{"type":"","value":{"":""}}},"payload":{"type":"Menu","icon":"sap-icon://arrow-bottom","componentType":"Link","defaultComponent":{"text":{"value":"Link","translationKey":"linkText","isAsset":false},"link":{"value":"#","isAsset":false},"linkTarget":{"value":"_blank"},"linkTooltip":{"value":"Item","translationKey":"linkTooltip"}},"repeatable":true,"components":[{"text":{"translationKey":"linkText-1","isAsset":false},"link":{"value":"{section: anchor-navigation.section1}","isAsset":false},"linkTarget":{"value":"_self"},"linkTooltip":{"translationKey":"linkTooltip-1"}},{"text":{"translationKey":"linkText-2","isAsset":false},"link":{"value":"{section: anchor-navigation.section2}","isAsset":false},"linkTarget":{"value":"_self"},"linkTooltip":{"translationKey":"linkTooltip-2"}},{"text":{"translationKey":"linkText-3","isAsset":false},"link":{"value":"{section: anchor-navigation.section3}","isAsset":false},"linkTarget":{"value":"_self"},"linkTooltip":{"translationKey":"linkTooltip-3"}}],"componentDescriptor":[{"type":"LINK","title":"Link","displayText":"{/text/value}","value":"{/link/value}","linkTarget":"{/linkTarget/value}","linkTooltip":"{/linkTooltip/value}"}]},"path_for_translation":"basiclayoutsV2/ContentUnits/anchormenu"},{"identification":{"entityType":"contentunit","id":"3146c6b4-28df-40de-9047-0d9868b3d338"},"texts":{"title":{"type":"","value":{"":"Sample Page"}}},"payload":{"type":"Basic","icon":"sap-icon://text-formatting","componentType":"Content Item","components":[{"title":{"translationKey":"title","isAsset":false}}],"componentDescriptor":[{"title":"Title","type":"SHORT_TEXT","value":"{/title/value}"}]}},{"identification":{"entityType":"contentunit","id":"fe323ac4-6142-4a0e-887c-c7f7a879595b"},"texts":{"title":{"type":"","value":{"":"Section 1"}}},"payload":{"type":"Basic","icon":"sap-icon://bold-text","componentType":"Content Item","components":[{"title":{"translationKey":"title","isAsset":false}}],"componentDescriptor":[{"title":"Title","type":"SHORT_TEXT","value":"{/title/value}"}]}}]}