{
  "run": [
    {
      "filePath": "/webapp/index.html",
      "previewMode": 1,
      "dataMode": 1,
      "workspace": "withWorkspace",
      "ui5ActiveVersion": null,
      "ui5VerSource": null,
      "isDefaultVersion": 0,
      "urlParameters": [
        {
          "paramName": "",
          "paramValue": ""
        }
      ],
      "hashParameter": "",
      "backendSystem": [
        {
          "source": "Northwind",
          "destinations": "Northwind"
        }
      ],
      "urlParametersNotNeeded": false,
      "_metadata": {
        "id": 1312909,
        "runnerId": "webapprunner",
        "displayName": "Run index.html",
        "lastRunTimeStamp": 1519318944564
      }
    }
  ]
}