{
  "welcomeFile": "/webapp/index.html",
  "routes": [
    {
      "path": "/resources",
      "target": {
        "type": "service",
        "name": "sapui5",
        "entryPath": "/resources"
      },
      "description": "SAPUI5 Resources"
    },
    {
      "path": "/test-resources",
      "target": {
        "type": "service",
        "name": "sapui5",
        "entryPath": "/test-resources"
      },
      "description": "SAPUI5 Test Resources"
    },
    {
      "path": "/north_wind_service",
      "target": {
        "type": "destination",
        "name": "Northwind"
      },
      "description": "Northwind"
    },
    {
		"path": "/webapp/resources/portalHeader",
		"target": {
			"type": "application",
			"name": "portalHeader"
		},
		"description": ""
	}
  ],
  "sendWelcomeFileRedirect": true
}